"{-0.05, 0.00001, 0, 0}","{-0.05, 0.000013413764885, 0, 0}","{-0.05, 0.000017992908839, 0, 0}","{-0.05, 0.0000241352648763, 0, 0}","{-0.05, 0.0000323744768487, 0, 0}","{-0.05, 0.0000434263620723, 0, 0}","{-0.05, 0.0000582511010648, 0, 0}","{-0.05, 0.0000781366573974, 0, 0}","{-0.05, 0.0001048106751227, 0, 0}","{-0.05, 0.0001405905753532, 0, 0}","{-0.05, 0.0001885848922832, 0, 0}","{-0.05, 0.0002529633405947, 0, 0}","{-0.05, 0.0003393190775256, 0, 0}","{-0.05, 0.0004551546326917, 0, 0}","{-0.05, 0.0006105337229237, 0, 0}","{-0.05, 0.0008189555813651, 0, 0}","{-0.05, 0.0010985277619675, 0, 0}","{-0.05, 0.0014735393118657, 0, 0}","{-0.05, 0.0019765709878144, 0, 0}","{-0.05, 0.0026513258509018, 0, 0}","{-0.05, 0.003556426159747, 0, 0}","{-0.05, 0.0047705064337644, 0, 0}","{-0.05, 0.0063990451684807, 0, 0}","{-0.05, 0.0085835287378376, 0, 2.8537478906056586*^-9}","{-0.05, 0.0115137436372836, 0, 7.039157412070945*^-6}","{-0.05, 0.0154442650096474, 0, 0.0006030202498636952}","{-0.05, 0.0207165739660756, 0, 0.007899489746400909}","{-0.05, 0.0277887252403267, 0, 0.035986339681900084}","{-0.05, 0.0372751426827093, 0, 0.08989912360196442}","{-0.05, 0.05, 0, 0.15865525393146251}"
"{-0.0372751426827093, 0.00001, 0, 0}","{-0.0372751426827093, 0.000013413764885, 0, 0}","{-0.0372751426827093, 0.000017992908839, 0, 0}","{-0.0372751426827093, 0.0000241352648763, 0, 0}","{-0.0372751426827093, 0.0000323744768487, 0, 0}","{-0.0372751426827093, 0.0000434263620723, 0, 0}","{-0.0372751426827093, 0.0000582511010648, 0, 0}","{-0.0372751426827093, 0.0000781366573974, 0, 0}","{-0.0372751426827093, 0.0001048106751227, 0, 0}","{-0.0372751426827093, 0.0001405905753532, 0, 0}","{-0.0372751426827093, 0.0001885848922832, 0, 0}","{-0.0372751426827093, 0.0002529633405947, 0, 0}","{-0.0372751426827093, 0.0003393190775256, 0, 0}","{-0.0372751426827093, 0.0004551546326917, 0, 0}","{-0.0372751426827093, 0.0006105337229237, 0, 0}","{-0.0372751426827093, 0.0008189555813651, 0, 0}","{-0.0372751426827093, 0.0010985277619675, 0, 0}","{-0.0372751426827093, 0.0014735393118657, 0, 0}","{-0.0372751426827093, 0.0019765709878144, 0, 0}","{-0.0372751426827093, 0.0026513258509018, 0, 0}","{-0.0372751426827093, 0.003556426159747, 0, 0}","{-0.0372751426827093, 0.0047705064337644, 0, 0}","{-0.0372751426827093, 0.0063990451684807, 0, 2.853747890606532*^-9}","{-0.0372751426827093, 0.0085835287378376, 0, 7.039157412070094*^-6}","{-0.0372751426827093, 0.0115137436372836, 0, 0.0006030202498636775}","{-0.0372751426827093, 0.0154442650096474, 0, 0.007899489746400985}","{-0.0372751426827093, 0.0207165739660756, 0, 0.03598633968189964}","{-0.0372751426827093, 0.0277887252403267, 0, 0.08989912360196413}","{-0.0372751426827093, 0.0372751426827093, 0, 0.1586552539314625}","{-0.0372751426827093, 0.05, 0, 0.22798389333600225}"
"{-0.0277887252403267, 0.00001, 0, 0}","{-0.0277887252403267, 0.000013413764885, 0, 0}","{-0.0277887252403267, 0.000017992908839, 0, 0}","{-0.0277887252403267, 0.0000241352648763, 0, 0}","{-0.0277887252403267, 0.0000323744768487, 0, 0}","{-0.0277887252403267, 0.0000434263620723, 0, 0}","{-0.0277887252403267, 0.0000582511010648, 0, 0}","{-0.0277887252403267, 0.0000781366573974, 0, 0}","{-0.0277887252403267, 0.0001048106751227, 0, 0}","{-0.0277887252403267, 0.0001405905753532, 0, 0}","{-0.0277887252403267, 0.0001885848922832, 0, 0}","{-0.0277887252403267, 0.0002529633405947, 0, 0}","{-0.0277887252403267, 0.0003393190775256, 0, 0}","{-0.0277887252403267, 0.0004551546326917, 0, 0}","{-0.0277887252403267, 0.0006105337229237, 0, 0}","{-0.0277887252403267, 0.0008189555813651, 0, 0}","{-0.0277887252403267, 0.0010985277619675, 0, 0}","{-0.0277887252403267, 0.0014735393118657, 0, 0}","{-0.0277887252403267, 0.0019765709878144, 0, 0}","{-0.0277887252403267, 0.0026513258509018, 0, 0}","{-0.0277887252403267, 0.003556426159747, 0, 0}","{-0.0277887252403267, 0.0047705064337644, 0, 2.853747890606806*^-9}","{-0.0277887252403267, 0.0063990451684807, 0, 7.0391574120715*^-6}","{-0.0277887252403267, 0.0085835287378376, 0, 0.0006030202498636451}","{-0.0277887252403267, 0.0115137436372836, 0, 0.007899489746400916}","{-0.0277887252403267, 0.0154442650096474, 0, 0.03598633968190004}","{-0.0277887252403267, 0.0207165739660756, 0, 0.08989912360196373}","{-0.0277887252403267, 0.0277887252403267, 0, 0.15865525393146254}","{-0.0277887252403267, 0.0372751426827093, 0, 0.22798389333600252}","{-0.0277887252403267, 0.05, 0, 0.2891825082454267}"
"{-0.0207165739660756, 0.00001, 0, 0}","{-0.0207165739660756, 0.000013413764885, 0, 0}","{-0.0207165739660756, 0.000017992908839, 0, 0}","{-0.0207165739660756, 0.0000241352648763, 0, 0}","{-0.0207165739660756, 0.0000323744768487, 0, 0}","{-0.0207165739660756, 0.0000434263620723, 0, 0}","{-0.0207165739660756, 0.0000582511010648, 0, 0}","{-0.0207165739660756, 0.0000781366573974, 0, 0}","{-0.0207165739660756, 0.0001048106751227, 0, 0}","{-0.0207165739660756, 0.0001405905753532, 0, 0}","{-0.0207165739660756, 0.0001885848922832, 0, 0}","{-0.0207165739660756, 0.0002529633405947, 0, 0}","{-0.0207165739660756, 0.0003393190775256, 0, 0}","{-0.0207165739660756, 0.0004551546326917, 0, 0}","{-0.0207165739660756, 0.0006105337229237, 0, 0}","{-0.0207165739660756, 0.0008189555813651, 0, 0}","{-0.0207165739660756, 0.0010985277619675, 0, 0}","{-0.0207165739660756, 0.0014735393118657, 0, 0}","{-0.0207165739660756, 0.0019765709878144, 0, 0}","{-0.0207165739660756, 0.0026513258509018, 0, 0}","{-0.0207165739660756, 0.003556426159747, 0, 2.853747890606689*^-9}","{-0.0207165739660756, 0.0047705064337644, 0, 7.039157412072115*^-6}","{-0.0207165739660756, 0.0063990451684807, 0, 0.0006030202498637247}","{-0.0207165739660756, 0.0085835287378376, 0, 0.007899489746400756}","{-0.0207165739660756, 0.0115137436372836, 0, 0.03598633968190008}","{-0.0207165739660756, 0.0154442650096474, 0, 0.08989912360196471}","{-0.0207165739660756, 0.0207165739660756, 0, 0.15865525393146246}","{-0.0207165739660756, 0.0277887252403267, 0, 0.2279838933360029}","{-0.0207165739660756, 0.0372751426827093, 0, 0.28918250824542724}","{-0.0207165739660756, 0.05, 0, 0.33931568141017227}"
"{-0.0154442650096474, 0.00001, 0, 0}","{-0.0154442650096474, 0.000013413764885, 0, 0}","{-0.0154442650096474, 0.000017992908839, 0, 0}","{-0.0154442650096474, 0.0000241352648763, 0, 0}","{-0.0154442650096474, 0.0000323744768487, 0, 0}","{-0.0154442650096474, 0.0000434263620723, 0, 0}","{-0.0154442650096474, 0.0000582511010648, 0, 0}","{-0.0154442650096474, 0.0000781366573974, 0, 0}","{-0.0154442650096474, 0.0001048106751227, 0, 0}","{-0.0154442650096474, 0.0001405905753532, 0, 0}","{-0.0154442650096474, 0.0001885848922832, 0, 0}","{-0.0154442650096474, 0.0002529633405947, 0, 0}","{-0.0154442650096474, 0.0003393190775256, 0, 0}","{-0.0154442650096474, 0.0004551546326917, 0, 0}","{-0.0154442650096474, 0.0006105337229237, 0, 0}","{-0.0154442650096474, 0.0008189555813651, 0, 0}","{-0.0154442650096474, 0.0010985277619675, 0, 0}","{-0.0154442650096474, 0.0014735393118657, 0, 0}","{-0.0154442650096474, 0.0019765709878144, 0, 0}","{-0.0154442650096474, 0.0026513258509018, 0, 2.853747890607067*^-9}","{-0.0154442650096474, 0.003556426159747, 0, 7.039157412071345*^-6}","{-0.0154442650096474, 0.0047705064337644, 0, 0.0006030202498637251}","{-0.0154442650096474, 0.0063990451684807, 0, 0.007899489746401134}","{-0.0154442650096474, 0.0085835287378376, 0, 0.035986339681899016}","{-0.0154442650096474, 0.0115137436372836, 0, 0.08989912360196381}","{-0.0154442650096474, 0.0154442650096474, 0, 0.15865525393146246}","{-0.0154442650096474, 0.0207165739660756, 0, 0.22798389333600189}","{-0.0154442650096474, 0.0277887252403267, 0, 0.2891825082454267}","{-0.0154442650096474, 0.0372751426827093, 0, 0.3393156814101721}","{-0.0154442650096474, 0.05, 0, 0.37870438957298175}"
"{-0.0115137436372836, 0.00001, 0, 0}","{-0.0115137436372836, 0.000013413764885, 0, 0}","{-0.0115137436372836, 0.000017992908839, 0, 0}","{-0.0115137436372836, 0.0000241352648763, 0, 0}","{-0.0115137436372836, 0.0000323744768487, 0, 0}","{-0.0115137436372836, 0.0000434263620723, 0, 0}","{-0.0115137436372836, 0.0000582511010648, 0, 0}","{-0.0115137436372836, 0.0000781366573974, 0, 0}","{-0.0115137436372836, 0.0001048106751227, 0, 0}","{-0.0115137436372836, 0.0001405905753532, 0, 0}","{-0.0115137436372836, 0.0001885848922832, 0, 0}","{-0.0115137436372836, 0.0002529633405947, 0, 0}","{-0.0115137436372836, 0.0003393190775256, 0, 0}","{-0.0115137436372836, 0.0004551546326917, 0, 0}","{-0.0115137436372836, 0.0006105337229237, 0, 0}","{-0.0115137436372836, 0.0008189555813651, 0, 0}","{-0.0115137436372836, 0.0010985277619675, 0, 0}","{-0.0115137436372836, 0.0014735393118657, 0, 0}","{-0.0115137436372836, 0.0019765709878144, 0, 2.853747890607089*^-9}","{-0.0115137436372836, 0.0026513258509018, 0, 7.03915741207243*^-6}","{-0.0115137436372836, 0.003556426159747, 0, 0.0006030202498637151}","{-0.0115137436372836, 0.0047705064337644, 0, 0.00789948974640135}","{-0.0115137436372836, 0.0063990451684807, 0, 0.035986339681900646}","{-0.0115137436372836, 0.0085835287378376, 0, 0.08989912360196305}","{-0.0115137436372836, 0.0115137436372836, 0, 0.15865525393146246}","{-0.0115137436372836, 0.0154442650096474, 0, 0.22798389333600289}","{-0.0115137436372836, 0.0207165739660756, 0, 0.28918250824542663}","{-0.0115137436372836, 0.0277887252403267, 0, 0.33931568141017227}","{-0.0115137436372836, 0.0372751426827093, 0, 0.3787043895729822}","{-0.0115137436372836, 0.05, 0, 0.408939092316054}"
"{-0.0085835287378376, 0.00001, 0, 0}","{-0.0085835287378376, 0.000013413764885, 0, 0}","{-0.0085835287378376, 0.000017992908839, 0, 0}","{-0.0085835287378376, 0.0000241352648763, 0, 0}","{-0.0085835287378376, 0.0000323744768487, 0, 0}","{-0.0085835287378376, 0.0000434263620723, 0, 0}","{-0.0085835287378376, 0.0000582511010648, 0, 0}","{-0.0085835287378376, 0.0000781366573974, 0, 0}","{-0.0085835287378376, 0.0001048106751227, 0, 0}","{-0.0085835287378376, 0.0001405905753532, 0, 0}","{-0.0085835287378376, 0.0001885848922832, 0, 0}","{-0.0085835287378376, 0.0002529633405947, 0, 0}","{-0.0085835287378376, 0.0003393190775256, 0, 0}","{-0.0085835287378376, 0.0004551546326917, 0, 0}","{-0.0085835287378376, 0.0006105337229237, 0, 0}","{-0.0085835287378376, 0.0008189555813651, 0, 0}","{-0.0085835287378376, 0.0010985277619675, 0, 0}","{-0.0085835287378376, 0.0014735393118657, 0, 2.853747890607099*^-9}","{-0.0085835287378376, 0.0019765709878144, 0, 7.039157412072939*^-6}","{-0.0085835287378376, 0.0026513258509018, 0, 0.0006030202498637915}","{-0.0085835287378376, 0.003556426159747, 0, 0.007899489746401448}","{-0.0085835287378376, 0.0047705064337644, 0, 0.0359863396819017}","{-0.0085835287378376, 0.0063990451684807, 0, 0.0898991236019663}","{-0.0085835287378376, 0.0085835287378376, 0, 0.1586552539314625}","{-0.0085835287378376, 0.0115137436372836, 0, 0.2279838933360036}","{-0.0085835287378376, 0.0154442650096474, 0, 0.28918250824542807}","{-0.0085835287378376, 0.0207165739660756, 0, 0.3393156814101726}","{-0.0085835287378376, 0.0277887252403267, 0, 0.37870438957298275}","{-0.0085835287378376, 0.0372751426827093, 0, 0.40893909231605463}","{-0.0085835287378376, 0.05, 0, 0.431848260141177}"
"{-0.0063990451684807, 0.00001, 0, 0}","{-0.0063990451684807, 0.000013413764885, 0, 0}","{-0.0063990451684807, 0.000017992908839, 0, 0}","{-0.0063990451684807, 0.0000241352648763, 0, 0}","{-0.0063990451684807, 0.0000323744768487, 0, 0}","{-0.0063990451684807, 0.0000434263620723, 0, 0}","{-0.0063990451684807, 0.0000582511010648, 0, 0}","{-0.0063990451684807, 0.0000781366573974, 0, 0}","{-0.0063990451684807, 0.0001048106751227, 0, 0}","{-0.0063990451684807, 0.0001405905753532, 0, 0}","{-0.0063990451684807, 0.0001885848922832, 0, 0}","{-0.0063990451684807, 0.0002529633405947, 0, 0}","{-0.0063990451684807, 0.0003393190775256, 0, 0}","{-0.0063990451684807, 0.0004551546326917, 0, 0}","{-0.0063990451684807, 0.0006105337229237, 0, 0}","{-0.0063990451684807, 0.0008189555813651, 0, 0}","{-0.0063990451684807, 0.0010985277619675, 0, 2.8537478906057844*^-9}","{-0.0063990451684807, 0.0014735393118657, 0, 7.039157412070918*^-6}","{-0.0063990451684807, 0.0019765709878144, 0, 0.0006030202498637161}","{-0.0063990451684807, 0.0026513258509018, 0, 0.007899489746401266}","{-0.0063990451684807, 0.003556426159747, 0, 0.03598633968189988}","{-0.0063990451684807, 0.0047705064337644, 0, 0.08989912360196471}","{-0.0063990451684807, 0.0063990451684807, 0, 0.1586552539314625}","{-0.0063990451684807, 0.0085835287378376, 0, 0.22798389333600028}","{-0.0063990451684807, 0.0115137436372836, 0, 0.2891825082454259}","{-0.0063990451684807, 0.0154442650096474, 0, 0.33931568141017154}","{-0.0063990451684807, 0.0207165739660756, 0, 0.37870438957298125}","{-0.0063990451684807, 0.0277887252403267, 0, 0.4089390923160537}","{-0.0063990451684807, 0.0372751426827093, 0, 0.43184826014117644}","{-0.0063990451684807, 0.05, 0, 0.44908204282773195}"
"{-0.0047705064337644, 0.00001, 0, 0}","{-0.0047705064337644, 0.000013413764885, 0, 0}","{-0.0047705064337644, 0.000017992908839, 0, 0}","{-0.0047705064337644, 0.0000241352648763, 0, 0}","{-0.0047705064337644, 0.0000323744768487, 0, 0}","{-0.0047705064337644, 0.0000434263620723, 0, 0}","{-0.0047705064337644, 0.0000582511010648, 0, 0}","{-0.0047705064337644, 0.0000781366573974, 0, 0}","{-0.0047705064337644, 0.0001048106751227, 0, 0}","{-0.0047705064337644, 0.0001405905753532, 0, 0}","{-0.0047705064337644, 0.0001885848922832, 0, 0}","{-0.0047705064337644, 0.0002529633405947, 0, 0}","{-0.0047705064337644, 0.0003393190775256, 0, 0}","{-0.0047705064337644, 0.0004551546326917, 0, 0}","{-0.0047705064337644, 0.0006105337229237, 0, 0}","{-0.0047705064337644, 0.0008189555813651, 0, 2.8537478906035018*^-9}","{-0.0047705064337644, 0.0010985277619675, 0, 7.039157412070066*^-6}","{-0.0047705064337644, 0.0014735393118657, 0, 0.0006030202498636659}","{-0.0047705064337644, 0.0019765709878144, 0, 0.007899489746401063}","{-0.0047705064337644, 0.0026513258509018, 0, 0.03598633968190041}","{-0.0047705064337644, 0.003556426159747, 0, 0.08989912360196349}","{-0.0047705064337644, 0.0047705064337644, 0, 0.1586552539314625}","{-0.0047705064337644, 0.0063990451684807, 0, 0.22798389333600194}","{-0.0047705064337644, 0.0085835287378376, 0, 0.28918250824542446}","{-0.0047705064337644, 0.0115137436372836, 0, 0.339315681410171}","{-0.0047705064337644, 0.0154442650096474, 0, 0.3787043895729813}","{-0.0047705064337644, 0.0207165739660756, 0, 0.4089390923160533}","{-0.0047705064337644, 0.0277887252403267, 0, 0.4318482601411762}","{-0.0047705064337644, 0.0372751426827093, 0, 0.4490820428277319}","{-0.0047705064337644, 0.05, 0, 0.4619945356308292}"
"{-0.003556426159747, 0.00001, 0, 0}","{-0.003556426159747, 0.000013413764885, 0, 0}","{-0.003556426159747, 0.000017992908839, 0, 0}","{-0.003556426159747, 0.0000241352648763, 0, 0}","{-0.003556426159747, 0.0000323744768487, 0, 0}","{-0.003556426159747, 0.0000434263620723, 0, 0}","{-0.003556426159747, 0.0000582511010648, 0, 0}","{-0.003556426159747, 0.0000781366573974, 0, 0}","{-0.003556426159747, 0.0001048106751227, 0, 0}","{-0.003556426159747, 0.0001405905753532, 0, 0}","{-0.003556426159747, 0.0001885848922832, 0, 0}","{-0.003556426159747, 0.0002529633405947, 0, 0}","{-0.003556426159747, 0.0003393190775256, 0, 0}","{-0.003556426159747, 0.0004551546326917, 0, 0}","{-0.003556426159747, 0.0006105337229237, 0, 2.8537478906030865*^-9}","{-0.003556426159747, 0.0008189555813651, 0, 7.039157412067648*^-6}","{-0.003556426159747, 0.0010985277619675, 0, 0.0006030202498636624}","{-0.003556426159747, 0.0014735393118657, 0, 0.00789948974640097}","{-0.003556426159747, 0.0019765709878144, 0, 0.035986339681900646}","{-0.003556426159747, 0.0026513258509018, 0, 0.08989912360196553}","{-0.003556426159747, 0.003556426159747, 0, 0.15865525393146246}","{-0.003556426159747, 0.0047705064337644, 0, 0.22798389333600313}","{-0.003556426159747, 0.0063990451684807, 0, 0.2891825082454269}","{-0.003556426159747, 0.0085835287378376, 0, 0.3393156814101707}","{-0.003556426159747, 0.0115137436372836, 0, 0.3787043895729814}","{-0.003556426159747, 0.0154442650096474, 0, 0.4089390923160538}","{-0.003556426159747, 0.0207165739660756, 0, 0.43184826014117633}","{-0.003556426159747, 0.0277887252403267, 0, 0.449082042827732}","{-0.003556426159747, 0.0372751426827093, 0, 0.4619945356308294}","{-0.003556426159747, 0.05, 0, 0.47164773371480306}"
"{-0.0026513258509018, 0.00001, 0, 0}","{-0.0026513258509018, 0.000013413764885, 0, 0}","{-0.0026513258509018, 0.000017992908839, 0, 0}","{-0.0026513258509018, 0.0000241352648763, 0, 0}","{-0.0026513258509018, 0.0000323744768487, 0, 0}","{-0.0026513258509018, 0.0000434263620723, 0, 0}","{-0.0026513258509018, 0.0000582511010648, 0, 0}","{-0.0026513258509018, 0.0000781366573974, 0, 0}","{-0.0026513258509018, 0.0001048106751227, 0, 0}","{-0.0026513258509018, 0.0001405905753532, 0, 0}","{-0.0026513258509018, 0.0001885848922832, 0, 0}","{-0.0026513258509018, 0.0002529633405947, 0, 0}","{-0.0026513258509018, 0.0003393190775256, 0, 0}","{-0.0026513258509018, 0.0004551546326917, 0, 2.8537478905954934*^-9}","{-0.0026513258509018, 0.0006105337229237, 0, 7.039157412065803*^-6}","{-0.0026513258509018, 0.0008189555813651, 0, 0.0006030202498634806}","{-0.0026513258509018, 0.0010985277619675, 0, 0.007899489746400468}","{-0.0026513258509018, 0.0014735393118657, 0, 0.035986339681899106}","{-0.0026513258509018, 0.0019765709878144, 0, 0.08989912360196389}","{-0.0026513258509018, 0.0026513258509018, 0, 0.15865525393146251}","{-0.0026513258509018, 0.003556426159747, 0, 0.2279838933360011}","{-0.0026513258509018, 0.0047705064337644, 0, 0.28918250824542624}","{-0.0026513258509018, 0.0063990451684807, 0, 0.3393156814101712}","{-0.0026513258509018, 0.0085835287378376, 0, 0.37870438957298014}","{-0.0026513258509018, 0.0115137436372836, 0, 0.40893909231605313}","{-0.0026513258509018, 0.0154442650096474, 0, 0.43184826014117594}","{-0.0026513258509018, 0.0207165739660756, 0, 0.4490820428277315}","{-0.0026513258509018, 0.0277887252403267, 0, 0.4619945356308291}","{-0.0026513258509018, 0.0372751426827093, 0, 0.47164773371480295}","{-0.0026513258509018, 0.05, 0, 0.4788553899526916}"
"{-0.0019765709878144, 0.00001, 0, 0}","{-0.0019765709878144, 0.000013413764885, 0, 0}","{-0.0019765709878144, 0.000017992908839, 0, 0}","{-0.0019765709878144, 0.0000241352648763, 0, 0}","{-0.0019765709878144, 0.0000323744768487, 0, 0}","{-0.0019765709878144, 0.0000434263620723, 0, 0}","{-0.0019765709878144, 0.0000582511010648, 0, 0}","{-0.0019765709878144, 0.0000781366573974, 0, 0}","{-0.0019765709878144, 0.0001048106751227, 0, 0}","{-0.0019765709878144, 0.0001405905753532, 0, 0}","{-0.0019765709878144, 0.0001885848922832, 0, 0}","{-0.0019765709878144, 0.0002529633405947, 0, 0}","{-0.0019765709878144, 0.0003393190775256, 0, 2.8537478906000715*^-9}","{-0.0019765709878144, 0.0004551546326917, 0, 7.0391574120561985*^-6}","{-0.0019765709878144, 0.0006105337229237, 0, 0.0006030202498634403}","{-0.0019765709878144, 0.0008189555813651, 0, 0.007899489746399464}","{-0.0019765709878144, 0.0010985277619675, 0, 0.03598633968189879}","{-0.0019765709878144, 0.0014735393118657, 0, 0.08989912360196312}","{-0.0019765709878144, 0.0019765709878144, 0, 0.15865525393146251}","{-0.0019765709878144, 0.0026513258509018, 0, 0.22798389333600277}","{-0.0019765709878144, 0.003556426159747, 0, 0.2891825082454259}","{-0.0019765709878144, 0.0047705064337644, 0, 0.3393156814101717}","{-0.0019765709878144, 0.0063990451684807, 0, 0.3787043895729814}","{-0.0019765709878144, 0.0085835287378376, 0, 0.40893909231605263}","{-0.0019765709878144, 0.0115137436372836, 0, 0.43184826014117605}","{-0.0019765709878144, 0.0154442650096474, 0, 0.4490820428277316}","{-0.0019765709878144, 0.0207165739660756, 0, 0.4619945356308291}","{-0.0019765709878144, 0.0277887252403267, 0, 0.47164773371480306}","{-0.0019765709878144, 0.0372751426827093, 0, 0.47885538995269167}","{-0.0019765709878144, 0.05, 0, 0.4842333518723744}"
"{-0.0014735393118657, 0.00001, 0, 0}","{-0.0014735393118657, 0.000013413764885, 0, 0}","{-0.0014735393118657, 0.000017992908839, 0, 0}","{-0.0014735393118657, 0.0000241352648763, 0, 0}","{-0.0014735393118657, 0.0000323744768487, 0, 0}","{-0.0014735393118657, 0.0000434263620723, 0, 0}","{-0.0014735393118657, 0.0000582511010648, 0, 0}","{-0.0014735393118657, 0.0000781366573974, 0, 0}","{-0.0014735393118657, 0.0001048106751227, 0, 0}","{-0.0014735393118657, 0.0001405905753532, 0, 0}","{-0.0014735393118657, 0.0001885848922832, 0, 0}","{-0.0014735393118657, 0.0002529633405947, 0, 2.853747890623943*^-9}","{-0.0014735393118657, 0.0003393190775256, 0, 7.039157412063107*^-6}","{-0.0014735393118657, 0.0004551546326917, 0, 0.0006030202498629929}","{-0.0014735393118657, 0.0006105337229237, 0, 0.007899489746399344}","{-0.0014735393118657, 0.0008189555813651, 0, 0.035986339681896566}","{-0.0014735393118657, 0.0010985277619675, 0, 0.08989912360196341}","{-0.0014735393118657, 0.0014735393118657, 0, 0.1586552539314625}","{-0.0014735393118657, 0.0019765709878144, 0, 0.22798389333600355}","{-0.0014735393118657, 0.0026513258509018, 0, 0.289182508245428}","{-0.0014735393118657, 0.003556426159747, 0, 0.339315681410172}","{-0.0014735393118657, 0.0047705064337644, 0, 0.37870438957298225}","{-0.0014735393118657, 0.0063990451684807, 0, 0.40893909231605413}","{-0.0014735393118657, 0.0085835287378376, 0, 0.431848260141176}","{-0.0014735393118657, 0.0115137436372836, 0, 0.44908204282773195}","{-0.0014735393118657, 0.0154442650096474, 0, 0.4619945356308294}","{-0.0014735393118657, 0.0207165739660756, 0, 0.47164773371480306}","{-0.0014735393118657, 0.0277887252403267, 0, 0.47885538995269183}","{-0.0014735393118657, 0.0372751426827093, 0, 0.4842333518723745}","{-0.0014735393118657, 0.05, 0, 0.4882445590112714}"
"{-0.0010985277619675, 0.00001, 0, 0}","{-0.0010985277619675, 0.000013413764885, 0, 0}","{-0.0010985277619675, 0.000017992908839, 0, 0}","{-0.0010985277619675, 0.0000241352648763, 0, 0}","{-0.0010985277619675, 0.0000323744768487, 0, 0}","{-0.0010985277619675, 0.0000434263620723, 0, 0}","{-0.0010985277619675, 0.0000582511010648, 0, 0}","{-0.0010985277619675, 0.0000781366573974, 0, 0}","{-0.0010985277619675, 0.0001048106751227, 0, 0}","{-0.0010985277619675, 0.0001405905753532, 0, 0}","{-0.0010985277619675, 0.0001885848922832, 0, 2.853747890600838*^-9}","{-0.0010985277619675, 0.0002529633405947, 0, 7.039157412096302*^-6}","{-0.0010985277619675, 0.0003393190775256, 0, 0.000603020249863323}","{-0.0010985277619675, 0.0004551546326917, 0, 0.007899489746395849}","{-0.0010985277619675, 0.0006105337229237, 0, 0.03598633968189603}","{-0.0010985277619675, 0.0008189555813651, 0, 0.08989912360195973}","{-0.0010985277619675, 0.0010985277619675, 0, 0.15865525393146251}","{-0.0010985277619675, 0.0014735393118657, 0, 0.22798389333600322}","{-0.0010985277619675, 0.0019765709878144, 0, 0.28918250824542846}","{-0.0010985277619675, 0.0026513258509018, 0, 0.33931568141017343}","{-0.0010985277619675, 0.003556426159747, 0, 0.3787043895729823}","{-0.0010985277619675, 0.0047705064337644, 0, 0.4089390923160547}","{-0.0010985277619675, 0.0063990451684807, 0, 0.431848260141177}","{-0.0010985277619675, 0.0085835287378376, 0, 0.4490820428277317}","{-0.0010985277619675, 0.0115137436372836, 0, 0.46199453563082943}","{-0.0010985277619675, 0.0154442650096474, 0, 0.4716477337148032}","{-0.0010985277619675, 0.0207165739660756, 0, 0.4788553899526918}","{-0.0010985277619675, 0.0277887252403267, 0, 0.4842333518723745}","{-0.0010985277619675, 0.0372751426827093, 0, 0.4882445590112715}","{-0.0010985277619675, 0.05, 0, 0.4912357216906505}"
"{-0.0008189555813651, 0.00001, 0, 0}","{-0.0008189555813651, 0.000013413764885, 0, 0}","{-0.0008189555813651, 0.000017992908839, 0, 0}","{-0.0008189555813651, 0.0000241352648763, 0, 0}","{-0.0008189555813651, 0.0000323744768487, 0, 0}","{-0.0008189555813651, 0.0000434263620723, 0, 0}","{-0.0008189555813651, 0.0000582511010648, 0, 0}","{-0.0008189555813651, 0.0000781366573974, 0, 0}","{-0.0008189555813651, 0.0001048106751227, 0, 0}","{-0.0008189555813651, 0.0001405905753532, 0, 2.8537478906080322*^-9}","{-0.0008189555813651, 0.0001885848922832, 0, 7.039157412066354*^-6}","{-0.0008189555813651, 0.0002529633405947, 0, 0.0006030202498650709}","{-0.0008189555813651, 0.0003393190775256, 0, 0.007899489746399264}","{-0.0008189555813651, 0.0004551546326917, 0, 0.03598633968188895}","{-0.0008189555813651, 0.0006105337229237, 0, 0.0898991236019626}","{-0.0008189555813651, 0.0008189555813651, 0, 0.1586552539314625}","{-0.0008189555813651, 0.0010985277619675, 0, 0.22798389333600705}","{-0.0008189555813651, 0.0014735393118657, 0, 0.28918250824543135}","{-0.0008189555813651, 0.0019765709878144, 0, 0.3393156814101764}","{-0.0008189555813651, 0.0026513258509018, 0, 0.37870438957298547}","{-0.0008189555813651, 0.003556426159747, 0, 0.4089390923160562}","{-0.0008189555813651, 0.0047705064337644, 0, 0.4318482601411784}","{-0.0008189555813651, 0.0063990451684807, 0, 0.4490820428277334}","{-0.0008189555813651, 0.0085835287378376, 0, 0.46199453563083004}","{-0.0008189555813651, 0.0115137436372836, 0, 0.4716477337148036}","{-0.0008189555813651, 0.0154442650096474, 0, 0.4788553899526923}","{-0.0008189555813651, 0.0207165739660756, 0, 0.4842333518723747}","{-0.0008189555813651, 0.0277887252403267, 0, 0.4882445590112717}","{-0.0008189555813651, 0.0372751426827093, 0, 0.49123572169065066}","{-0.0008189555813651, 0.05, 0, 0.4934659720107307}"
"{-0.0006105337229237, 0.00001, 0, 0}","{-0.0006105337229237, 0.000013413764885, 0, 0}","{-0.0006105337229237, 0.000017992908839, 0, 0}","{-0.0006105337229237, 0.0000241352648763, 0, 0}","{-0.0006105337229237, 0.0000323744768487, 0, 0}","{-0.0006105337229237, 0.0000434263620723, 0, 0}","{-0.0006105337229237, 0.0000582511010648, 0, 0}","{-0.0006105337229237, 0.0000781366573974, 0, 0}","{-0.0006105337229237, 0.0001048106751227, 0, 2.8537478906140674*^-9}","{-0.0006105337229237, 0.0001405905753532, 0, 7.039157412074546*^-6}","{-0.0006105337229237, 0.0001885848922832, 0, 0.0006030202498635075}","{-0.0006105337229237, 0.0002529633405947, 0, 0.007899489746411928}","{-0.0006105337229237, 0.0003393190775256, 0, 0.03598633968189634}","{-0.0006105337229237, 0.0004551546326917, 0, 0.08989912360194889}","{-0.0006105337229237, 0.0006105337229237, 0, 0.15865525393146246}","{-0.0006105337229237, 0.0008189555813651, 0, 0.22798389333600405}","{-0.0006105337229237, 0.0010985277619675, 0, 0.28918250824543207}","{-0.0006105337229237, 0.0014735393118657, 0, 0.33931568141017665}","{-0.0006105337229237, 0.0019765709878144, 0, 0.37870438957298613}","{-0.0006105337229237, 0.0026513258509018, 0, 0.40893909231605735}","{-0.0006105337229237, 0.003556426159747, 0, 0.4318482601411787}","{-0.0006105337229237, 0.0047705064337644, 0, 0.4490820428277338}","{-0.0006105337229237, 0.0063990451684807, 0, 0.4619945356308307}","{-0.0006105337229237, 0.0085835287378376, 0, 0.4716477337148036}","{-0.0006105337229237, 0.0115137436372836, 0, 0.47885538995269256}","{-0.0006105337229237, 0.0154442650096474, 0, 0.4842333518723749}","{-0.0006105337229237, 0.0207165739660756, 0, 0.4882445590112718}","{-0.0006105337229237, 0.0277887252403267, 0, 0.4912357216906508}","{-0.0006105337229237, 0.0372751426827093, 0, 0.49346597201073095}","{-0.0006105337229237, 0.05, 0, 0.4951287667371247}"
"{-0.0004551546326917, 0.00001, 0, 0}","{-0.0004551546326917, 0.000013413764885, 0, 0}","{-0.0004551546326917, 0.000017992908839, 0, 0}","{-0.0004551546326917, 0.0000241352648763, 0, 0}","{-0.0004551546326917, 0.0000323744768487, 0, 0}","{-0.0004551546326917, 0.0000434263620723, 0, 0}","{-0.0004551546326917, 0.0000582511010648, 0, 0}","{-0.0004551546326917, 0.0000781366573974, 0, 2.8537478906279826*^-9}","{-0.0004551546326917, 0.0001048106751227, 0, 7.039157412091781*^-6}","{-0.0004551546326917, 0.0001405905753532, 0, 0.0006030202498643418}","{-0.0004551546326917, 0.0001885848922832, 0, 0.007899489746403277}","{-0.0004551546326917, 0.0002529633405947, 0, 0.03598633968193975}","{-0.0004551546326917, 0.0003393190775256, 0, 0.08989912360197391}","{-0.0004551546326917, 0.0004551546326917, 0, 0.15865525393146246}","{-0.0004551546326917, 0.0006105337229237, 0, 0.22798389333601826}","{-0.0004551546326917, 0.0008189555813651, 0, 0.28918250824544145}","{-0.0004551546326917, 0.0010985277619675, 0, 0.33931568141018686}","{-0.0004551546326917, 0.0014735393118657, 0, 0.3787043895729938}","{-0.0004551546326917, 0.0019765709878144, 0, 0.40893909231606357}","{-0.0004551546326917, 0.0026513258509018, 0, 0.4318482601411839}","{-0.0004551546326917, 0.003556426159747, 0, 0.4490820428277372}","{-0.0004551546326917, 0.0047705064337644, 0, 0.46199453563083337}","{-0.0004551546326917, 0.0063990451684807, 0, 0.47164773371480606}","{-0.0004551546326917, 0.0085835287378376, 0, 0.4788553899526937}","{-0.0004551546326917, 0.0115137436372836, 0, 0.48423335187237593}","{-0.0004551546326917, 0.0154442650096474, 0, 0.48824455901127256}","{-0.0004551546326917, 0.0207165739660756, 0, 0.49123572169065133}","{-0.0004551546326917, 0.0277887252403267, 0, 0.49346597201073134}","{-0.0004551546326917, 0.0372751426827093, 0, 0.49512876673712514}","{-0.0004551546326917, 0.05, 0, 0.49636844161359056}"
"{-0.0003393190775256, 0.00001, 0, 0}","{-0.0003393190775256, 0.000013413764885, 0, 0}","{-0.0003393190775256, 0.000017992908839, 0, 0}","{-0.0003393190775256, 0.0000241352648763, 0, 0}","{-0.0003393190775256, 0.0000323744768487, 0, 0}","{-0.0003393190775256, 0.0000434263620723, 0, 0}","{-0.0003393190775256, 0.0000582511010648, 0, 2.853747890690004*^-9}","{-0.0003393190775256, 0.0000781366573974, 0, 7.039157412095249*^-6}","{-0.0003393190775256, 0.0001048106751227, 0, 0.0006030202498644034}","{-0.0003393190775256, 0.0001405905753532, 0, 0.00789948974640365}","{-0.0003393190775256, 0.0001885848922832, 0, 0.03598633968189989}","{-0.0003393190775256, 0.0002529633405947, 0, 0.08989912360201534}","{-0.0003393190775256, 0.0003393190775256, 0, 0.15865525393146254}","{-0.0003393190775256, 0.0004551546326917, 0, 0.22798389333599234}","{-0.0003393190775256, 0.0006105337229237, 0, 0.2891825082454317}","{-0.0003393190775256, 0.0008189555813651, 0, 0.33931568141017704}","{-0.0003393190775256, 0.0010985277619675, 0, 0.3787043895729882}","{-0.0003393190775256, 0.0014735393118657, 0, 0.408939092316059}","{-0.0003393190775256, 0.0019765709878144, 0, 0.4318482601411808}","{-0.0003393190775256, 0.0026513258509018, 0, 0.44908204282773534}","{-0.0003393190775256, 0.003556426159747, 0, 0.4619945356308317}","{-0.0003393190775256, 0.0047705064337644, 0, 0.47164773371480473}","{-0.0003393190775256, 0.0063990451684807, 0, 0.47885538995269306}","{-0.0003393190775256, 0.0085835287378376, 0, 0.4842333518723752}","{-0.0003393190775256, 0.0115137436372836, 0, 0.488244559011272}","{-0.0003393190775256, 0.0154442650096474, 0, 0.49123572169065094}","{-0.0003393190775256, 0.0207165739660756, 0, 0.49346597201073095}","{-0.0003393190775256, 0.0277887252403267, 0, 0.4951287667371248}","{-0.0003393190775256, 0.0372751426827093, 0, 0.4963684416135905}","{-0.0003393190775256, 0.05, 0, 0.49729264624967934}"
"{-0.0002529633405947, 0.00001, 0, 0}","{-0.0002529633405947, 0.000013413764885, 0, 0}","{-0.0002529633405947, 0.000017992908839, 0, 0}","{-0.0002529633405947, 0.0000241352648763, 0, 0}","{-0.0002529633405947, 0.0000323744768487, 0, 0}","{-0.0002529633405947, 0.0000434263620723, 0, 2.853747890651136*^-9}","{-0.0002529633405947, 0.0000582511010648, 0, 7.039157412155456*^-6}","{-0.0002529633405947, 0.0000781366573974, 0, 0.0006030202498632706}","{-0.0002529633405947, 0.0001048106751227, 0, 0.00789948974639415}","{-0.0002529633405947, 0.0001405905753532, 0, 0.03598633968187379}","{-0.0002529633405947, 0.0001885848922832, 0, 0.08989912360191288}","{-0.0002529633405947, 0.0002529633405947, 0, 0.1586552539314625}","{-0.0002529633405947, 0.0003393190775256, 0, 0.2279838933359495}","{-0.0002529633405947, 0.0004551546326917, 0, 0.2891825082453736}","{-0.0002529633405947, 0.0006105337229237, 0, 0.33931568141014024}","{-0.0002529633405947, 0.0008189555813651, 0, 0.37870438957295816}","{-0.0002529633405947, 0.0010985277619675, 0, 0.40893909231603776}","{-0.0002529633405947, 0.0014735393118657, 0, 0.4318482601411646}","{-0.0002529633405947, 0.0019765709878144, 0, 0.44908204282772346}","{-0.0002529633405947, 0.0026513258509018, 0, 0.461994535630823}","{-0.0002529633405947, 0.003556426159747, 0, 0.4716477337147982}","{-0.0002529633405947, 0.0047705064337644, 0, 0.47885538995268806}","{-0.0002529633405947, 0.0063990451684807, 0, 0.48423335187237165}","{-0.0002529633405947, 0.0085835287378376, 0, 0.4882445590112692}","{-0.0002529633405947, 0.0115137436372836, 0, 0.4912357216906489}","{-0.0002529633405947, 0.0154442650096474, 0, 0.4934659720107295}","{-0.0002529633405947, 0.0207165739660756, 0, 0.4951287667371237}","{-0.0002529633405947, 0.0277887252403267, 0, 0.4963684416135896}","{-0.0002529633405947, 0.0372751426827093, 0, 0.4972926462496787}","{-0.0002529633405947, 0.05, 0, 0.4979816531711489}"
"{-0.0001885848922832, 0.00001, 0, 0}","{-0.0001885848922832, 0.000013413764885, 0, 0}","{-0.0001885848922832, 0.000017992908839, 0, 0}","{-0.0001885848922832, 0.0000241352648763, 0, 0}","{-0.0001885848922832, 0.0000323744768487, 0, 2.853747890614544*^-9}","{-0.0001885848922832, 0.0000434263620723, 0, 7.039157412166626*^-6}","{-0.0001885848922832, 0.0000582511010648, 0, 0.0006030202498694513}","{-0.0001885848922832, 0.0000781366573974, 0, 0.00789948974641012}","{-0.0001885848922832, 0.0001048106751227, 0, 0.03598633968191495}","{-0.0001885848922832, 0.0001405905753532, 0, 0.08989912360197541}","{-0.0001885848922832, 0.0001885848922832, 0, 0.15865525393146246}","{-0.0001885848922832, 0.0002529633405947, 0, 0.2279838933360555}","{-0.0001885848922832, 0.0003393190775256, 0, 0.2891825082454269}","{-0.0001885848922832, 0.0004551546326917, 0, 0.33931568141016527}","{-0.0001885848922832, 0.0006105337229237, 0, 0.37870438957298497}","{-0.0001885848922832, 0.0008189555813651, 0, 0.40893909231605696}","{-0.0001885848922832, 0.0010985277619675, 0, 0.4318482601411803}","{-0.0001885848922832, 0.0014735393118657, 0, 0.4490820428277349}","{-0.0001885848922832, 0.0019765709878144, 0, 0.4619945356308319}","{-0.0001885848922832, 0.0026513258509018, 0, 0.471647733714805}","{-0.0001885848922832, 0.003556426159747, 0, 0.47885538995269317}","{-0.0001885848922832, 0.0047705064337644, 0, 0.48423335187237526}","{-0.0001885848922832, 0.0063990451684807, 0, 0.48824455901127206}","{-0.0001885848922832, 0.0085835287378376, 0, 0.49123572169065083}","{-0.0001885848922832, 0.0115137436372836, 0, 0.49346597201073106}","{-0.0001885848922832, 0.0154442650096474, 0, 0.4951287667371248}","{-0.0001885848922832, 0.0207165739660756, 0, 0.4963684416135904}","{-0.0001885848922832, 0.0277887252403267, 0, 0.49729264624967934}","{-0.0001885848922832, 0.0372751426827093, 0, 0.4979816531711495}","{-0.0001885848922832, 0.05, 0, 0.49849531382791584}"
"{-0.0001405905753532, 0.00001, 0, 0}","{-0.0001405905753532, 0.000013413764885, 0, 0}","{-0.0001405905753532, 0.000017992908839, 0, 0}","{-0.0001405905753532, 0.0000241352648763, 0, 2.853747890744664*^-9}","{-0.0001405905753532, 0.0000323744768487, 0, 7.039157412075474*^-6}","{-0.0001405905753532, 0.0000434263620723, 0, 0.0006030202498680344}","{-0.0001405905753532, 0.0000582511010648, 0, 0.007899489746442346}","{-0.0001405905753532, 0.0000781366573974, 0, 0.03598633968191749}","{-0.0001405905753532, 0.0001048106751227, 0, 0.08989912360197584}","{-0.0001405905753532, 0.0001405905753532, 0, 0.15865525393146254}","{-0.0001405905753532, 0.0001885848922832, 0, 0.22798389333599078}","{-0.0001405905753532, 0.0002529633405947, 0, 0.28918250824546177}","{-0.0001405905753532, 0.0003393190775256, 0, 0.33931568141016427}","{-0.0001405905753532, 0.0004551546326917, 0, 0.3787043895729706}","{-0.0001405905753532, 0.0006105337229237, 0, 0.4089390923160517}","{-0.0001405905753532, 0.0008189555813651, 0, 0.4318482601411754}","{-0.0001405905753532, 0.0010985277619675, 0, 0.44908204282773223}","{-0.0001405905753532, 0.0014735393118657, 0, 0.4619945356308297}","{-0.0001405905753532, 0.0019765709878144, 0, 0.4716477337148034}","{-0.0001405905753532, 0.0026513258509018, 0, 0.47885538995269206}","{-0.0001405905753532, 0.003556426159747, 0, 0.4842333518723745}","{-0.0001405905753532, 0.0047705064337644, 0, 0.4882445590112714}","{-0.0001405905753532, 0.0063990451684807, 0, 0.49123572169065044}","{-0.0001405905753532, 0.0085835287378376, 0, 0.49346597201073056}","{-0.0001405905753532, 0.0115137436372836, 0, 0.49512876673712475}","{-0.0001405905753532, 0.0154442650096474, 0, 0.4963684416135903}","{-0.0001405905753532, 0.0207165739660756, 0, 0.49729264624967917}","{-0.0001405905753532, 0.0277887252403267, 0, 0.4979816531711494}","{-0.0001405905753532, 0.0372751426827093, 0, 0.4984953138279157}","{-0.0001405905753532, 0.05, 0, 0.49887825098336924}"
"{-0.0001048106751227, 0.00001, 0, 0}","{-0.0001048106751227, 0.000013413764885, 0, 0}","{-0.0001048106751227, 0.000017992908839, 0, 2.853747890842899*^-9}","{-0.0001048106751227, 0.0000241352648763, 0, 7.039157412257144*^-6}","{-0.0001048106751227, 0.0000323744768487, 0, 0.0006030202498635402}","{-0.0001048106751227, 0.0000434263620723, 0, 0.007899489746431409}","{-0.0001048106751227, 0.0000582511010648, 0, 0.03598633968200482}","{-0.0001048106751227, 0.0000781366573974, 0, 0.08989912360197931}","{-0.0001048106751227, 0.0001048106751227, 0, 0.15865525393146251}","{-0.0001048106751227, 0.0001405905753532, 0, 0.22798389333599037}","{-0.0001048106751227, 0.0001885848922832, 0, 0.2891825082454068}","{-0.0001048106751227, 0.0002529633405947, 0, 0.3393156814101918}","{-0.0001048106751227, 0.0003393190775256, 0, 0.37870438957296954}","{-0.0001048106751227, 0.0004551546326917, 0, 0.40893909231604053}","{-0.0001048106751227, 0.0006105337229237, 0, 0.4318482601411712}","{-0.0001048106751227, 0.0008189555813651, 0, 0.44908204282772846}","{-0.0001048106751227, 0.0010985277619675, 0, 0.4619945356308275}","{-0.0001048106751227, 0.0014735393118657, 0, 0.4716477337148018}","{-0.0001048106751227, 0.0019765709878144, 0, 0.47885538995269106}","{-0.0001048106751227, 0.0026513258509018, 0, 0.4842333518723739}","{-0.0001048106751227, 0.003556426159747, 0, 0.48824455901127084}","{-0.0001048106751227, 0.0047705064337644, 0, 0.49123572169065}","{-0.0001048106751227, 0.0063990451684807, 0, 0.49346597201073034}","{-0.0001048106751227, 0.0085835287378376, 0, 0.49512876673712425}","{-0.0001048106751227, 0.0115137436372836, 0, 0.49636844161359006}","{-0.0001048106751227, 0.0154442650096474, 0, 0.49729264624967906}","{-0.0001048106751227, 0.0207165739660756, 0, 0.4979816531711492}","{-0.0001048106751227, 0.0277887252403267, 0, 0.4984953138279156}","{-0.0001048106751227, 0.0372751426827093, 0, 0.49887825098336946}","{-0.0001048106751227, 0.05, 0, 0.4991637324174764}"
"{-0.0000781366573974, 0.00001, 0, 0}","{-0.0000781366573974, 0.000013413764885, 0, 2.8537478907312602*^-9}","{-0.0000781366573974, 0.000017992908839, 0, 7.0391574123923105*^-6}","{-0.0000781366573974, 0.0000241352648763, 0, 0.000603020249872362}","{-0.0000781366573974, 0.0000323744768487, 0, 0.007899489746396211}","{-0.0000781366573974, 0.0000434263620723, 0, 0.03598633968197284}","{-0.0000781366573974, 0.0000582511010648, 0, 0.08989912360210951}","{-0.0000781366573974, 0.0000781366573974, 0, 0.15865525393146257}","{-0.0000781366573974, 0.0001048106751227, 0, 0.2279838933359868}","{-0.0000781366573974, 0.0001405905753532, 0, 0.28918250824540337}","{-0.0000781366573974, 0.0001885848922832, 0, 0.33931568141014534}","{-0.0000781366573974, 0.0002529633405947, 0, 0.3787043895729891}","{-0.0000781366573974, 0.0003393190775256, 0, 0.40893909231603853}","{-0.0000781366573974, 0.0004551546326917, 0, 0.43184826014116184}","{-0.0000781366573974, 0.0006105337229237, 0, 0.4490820428277245}","{-0.0000781366573974, 0.0008189555813651, 0, 0.46199453563082404}","{-0.0000781366573974, 0.0010985277619675, 0, 0.4716477337147998}","{-0.0000781366573974, 0.0014735393118657, 0, 0.47885538995268934}","{-0.0000781366573974, 0.0019765709878144, 0, 0.4842333518723727}","{-0.0000781366573974, 0.0026513258509018, 0, 0.4882445590112702}","{-0.0000781366573974, 0.003556426159747, 0, 0.49123572169064944}","{-0.0000781366573974, 0.0047705064337644, 0, 0.49346597201072995}","{-0.0000781366573974, 0.0063990451684807, 0, 0.49512876673712397}","{-0.0000781366573974, 0.0085835287378376, 0, 0.4963684416135897}","{-0.0000781366573974, 0.0115137436372836, 0, 0.49729264624967884}","{-0.0000781366573974, 0.0154442650096474, 0, 0.4979816531711491}","{-0.0000781366573974, 0.0207165739660756, 0, 0.4984953138279155}","{-0.0000781366573974, 0.0277887252403267, 0, 0.4988782509833693}","{-0.0000781366573974, 0.0372751426827093, 0, 0.49916373241747636}","{-0.0000781366573974, 0.05, 0, 0.4993765599279641}"
"{-0.0000582511010648, 0.00001, 0, 2.8537478905274024*^-9}","{-0.0000582511010648, 0.000013413764885, 0, 7.039157412152939*^-6}","{-0.0000582511010648, 0.000017992908839, 0, 0.0006030202498749133}","{-0.0000582511010648, 0.0000241352648763, 0, 0.007899489746432375}","{-0.0000582511010648, 0.0000323744768487, 0, 0.03598633968179205}","{-0.0000582511010648, 0.0000434263620723, 0, 0.08989912360193035}","{-0.0000582511010648, 0.0000582511010648, 0, 0.1586552539314625}","{-0.0000582511010648, 0.0000781366573974, 0, 0.2279838933358521}","{-0.0000582511010648, 0.0001048106751227, 0, 0.2891825082452868}","{-0.0000582511010648, 0.0001405905753532, 0, 0.339315681410052}","{-0.0000582511010648, 0.0001885848922832, 0, 0.378704389572883}","{-0.0000582511010648, 0.0002529633405947, 0, 0.4089390923159997}","{-0.0000582511010648, 0.0003393190775256, 0, 0.4318482601411198}","{-0.0000582511010648, 0.0004551546326917, 0, 0.44908204282768704}","{-0.0000582511010648, 0.0006105337229237, 0, 0.46199453563079856}","{-0.0000582511010648, 0.0008189555813651, 0, 0.47164773371478036}","{-0.0000582511010648, 0.0010985277619675, 0, 0.4788553899526751}","{-0.0000582511010648, 0.0014735393118657, 0, 0.48423335187236205}","{-0.0000582511010648, 0.0019765709878144, 0, 0.4882445590112623}","{-0.0000582511010648, 0.0026513258509018, 0, 0.49123572169064367}","{-0.0000582511010648, 0.003556426159747, 0, 0.4934659720107256}","{-0.0000582511010648, 0.0047705064337644, 0, 0.49512876673712086}","{-0.0000582511010648, 0.0063990451684807, 0, 0.49636844161358745}","{-0.0000582511010648, 0.0085835287378376, 0, 0.49729264624967695}","{-0.0000582511010648, 0.0115137436372836, 0, 0.49798165317114773}","{-0.0000582511010648, 0.0154442650096474, 0, 0.49849531382791457}","{-0.0000582511010648, 0.0207165739660756, 0, 0.4988782509833685}","{-0.0000582511010648, 0.0277887252403267, 0, 0.4991637324174757}","{-0.0000582511010648, 0.0372751426827093, 0, 0.49937655992796365}","{-0.0000582511010648, 0.05, 0, 0.49953522356315555}"
"{-0.0000434263620723, 0.00001, 0, 7.039157411982449*^-6}","{-0.0000434263620723, 0.000013413764885, 0, 0.000603020249868778}","{-0.0000434263620723, 0.000017992908839, 0, 0.007899489746494945}","{-0.0000434263620723, 0.0000241352648763, 0, 0.03598633968200744}","{-0.0000434263620723, 0.0000323744768487, 0, 0.08989912360183286}","{-0.0000434263620723, 0.0000434263620723, 0, 0.1586552539314625}","{-0.0000434263620723, 0.0000582511010648, 0, 0.22798389333603747}","{-0.0000434263620723, 0.0000781366573974, 0, 0.28918250824532954}","{-0.0000434263620723, 0.0001048106751227, 0, 0.3393156814100837}","{-0.0000434263620723, 0.0001405905753532, 0, 0.3787043895729072}","{-0.0000434263620723, 0.0001885848922832, 0, 0.4089390923159924}","{-0.0000434263620723, 0.0002529633405947, 0, 0.4318482601411461}","{-0.0000434263620723, 0.0003393190775256, 0, 0.44908204282769737}","{-0.0000434263620723, 0.0004551546326917, 0, 0.4619945356308018}","{-0.0000434263620723, 0.0006105337229237, 0, 0.47164773371478447}","{-0.0000434263620723, 0.0008189555813651, 0, 0.47885538995267807}","{-0.0000434263620723, 0.0010985277619675, 0, 0.4842333518723645}","{-0.0000434263620723, 0.0014735393118657, 0, 0.48824455901126396}","{-0.0000434263620723, 0.0019765709878144, 0, 0.491235721690645}","{-0.0000434263620723, 0.0026513258509018, 0, 0.4934659720107266}","{-0.0000434263620723, 0.003556426159747, 0, 0.4951287667371215}","{-0.0000434263620723, 0.0047705064337644, 0, 0.4963684416135879}","{-0.0000434263620723, 0.0063990451684807, 0, 0.4972926462496776}","{-0.0000434263620723, 0.0085835287378376, 0, 0.49798165317114795}","{-0.0000434263620723, 0.0115137436372836, 0, 0.4984953138279148}","{-0.0000434263620723, 0.0154442650096474, 0, 0.49887825098336874}","{-0.0000434263620723, 0.0207165739660756, 0, 0.4991637324174758}","{-0.0000434263620723, 0.0277887252403267, 0, 0.4993765599279638}","{-0.0000434263620723, 0.0372751426827093, 0, 0.4995352235631557}","{-0.0000434263620723, 0.05, 0, 0.49965350780517964}"
"{-0.0000323744768487, 0.00001, 0, 0.0006030202498634617}","{-0.0000323744768487, 0.000013413764885, 0, 0.007899489746471467}","{-0.0000323744768487, 0.000017992908839, 0, 0.03598633968224126}","{-0.0000323744768487, 0.0000241352648763, 0, 0.08989912360225989}","{-0.0000323744768487, 0.0000323744768487, 0, 0.15865525393146246}","{-0.0000323744768487, 0.0000434263620723, 0, 0.22798389333613833}","{-0.0000323744768487, 0.0000582511010648, 0, 0.289182508245571}","{-0.0000323744768487, 0.0000781366573974, 0, 0.3393156814101859}","{-0.0000323744768487, 0.0001048106751227, 0, 0.3787043895729845}","{-0.0000323744768487, 0.0001405905753532, 0, 0.4089390923160511}","{-0.0000323744768487, 0.0001885848922832, 0, 0.431848260141171}","{-0.0000323744768487, 0.0002529633405947, 0, 0.4490820428277397}","{-0.0000323744768487, 0.0003393190775256, 0, 0.46199453563082643}","{-0.0000323744768487, 0.0004551546326917, 0, 0.47164773371479946}","{-0.0000323744768487, 0.0006105337229237, 0, 0.47885538995269056}","{-0.0000323744768487, 0.0008189555813651, 0, 0.48423335187237376}","{-0.0000323744768487, 0.0010985277619675, 0, 0.4882445590112711}","{-0.0000323744768487, 0.0014735393118657, 0, 0.49123572169065016}","{-0.0000323744768487, 0.0019765709878144, 0, 0.4934659720107306}","{-0.0000323744768487, 0.0026513258509018, 0, 0.4951287667371246}","{-0.0000323744768487, 0.003556426159747, 0, 0.49636844161359}","{-0.0000323744768487, 0.0047705064337644, 0, 0.49729264624967906}","{-0.0000323744768487, 0.0063990451684807, 0, 0.49798165317114934}","{-0.0000323744768487, 0.0085835287378376, 0, 0.4984953138279157}","{-0.0000323744768487, 0.0115137436372836, 0, 0.4988782509833693}","{-0.0000323744768487, 0.0154442650096474, 0, 0.4991637324174764}","{-0.0000323744768487, 0.0207165739660756, 0, 0.49937655992796404}","{-0.0000323744768487, 0.0277887252403267, 0, 0.49953522356315605}","{-0.0000323744768487, 0.0372751426827093, 0, 0.49965350780518003}","{-0.0000323744768487, 0.05, 0, 0.4997416890655433}"
"{-0.0000241352648763, 0.00001, 0, 0.007899489746328155}","{-0.0000241352648763, 0.000013413764885, 0, 0.035986339681898336}","{-0.0000241352648763, 0.000017992908839, 0, 0.08989912360219063}","{-0.0000241352648763, 0.0000241352648763, 0, 0.15865525393146246}","{-0.0000241352648763, 0.0000323744768487, 0, 0.22798389333569632}","{-0.0000241352648763, 0.0000434263620723, 0, 0.28918250824528324}","{-0.0000241352648763, 0.0000582511010648, 0, 0.33931568141008095}","{-0.0000241352648763, 0.0000781366573974, 0, 0.3787043895728329}","{-0.0000241352648763, 0.0001048106751227, 0, 0.4089390923159343}","{-0.0000241352648763, 0.0001405905753532, 0, 0.4318482601410827}","{-0.0000241352648763, 0.0001885848922832, 0, 0.44908204282765907}","{-0.0000241352648763, 0.0002529633405947, 0, 0.46199453563078385}","{-0.0000241352648763, 0.0003393190775256, 0, 0.4716477337147623}","{-0.0000241352648763, 0.0004551546326917, 0, 0.4788553899526603}","{-0.0000241352648763, 0.0006105337229237, 0, 0.4842333518723521}","{-0.0000241352648763, 0.0008189555813651, 0, 0.4882445590112548}","{-0.0000241352648763, 0.0010985277619675, 0, 0.4912357216906382}","{-0.0000241352648763, 0.0014735393118657, 0, 0.4934659720107216}","{-0.0000241352648763, 0.0019765709878144, 0, 0.495128766737118}","{-0.0000241352648763, 0.0026513258509018, 0, 0.4963684416135853}","{-0.0000241352648763, 0.003556426159747, 0, 0.49729264624967545}","{-0.0000241352648763, 0.0047705064337644, 0, 0.49798165317114657}","{-0.0000241352648763, 0.0063990451684807, 0, 0.4984953138279137}","{-0.0000241352648763, 0.0085835287378376, 0, 0.4988782509833679}","{-0.0000241352648763, 0.0115137436372836, 0, 0.49916373241747536}","{-0.0000241352648763, 0.0154442650096474, 0, 0.49937655992796326}","{-0.0000241352648763, 0.0207165739660756, 0, 0.4995352235631553}","{-0.0000241352648763, 0.0277887252403267, 0, 0.49965350780517953}","{-0.0000241352648763, 0.0372751426827093, 0, 0.4997416890655431}","{-0.0000241352648763, 0.05, 0, 0.499807428455232}"
"{-0.000017992908839, 0.00001, 0, 0.03598633968155401}","{-0.000017992908839, 0.000013413764885, 0, 0.08989912360173523}","{-0.000017992908839, 0.000017992908839, 0, 0.15865525393146251}","{-0.000017992908839, 0.0000241352648763, 0, 0.22798389333576805}","{-0.000017992908839, 0.0000323744768487, 0, 0.28918250824497094}","{-0.000017992908839, 0.0000434263620723, 0, 0.3393156814098995}","{-0.000017992908839, 0.0000582511010648, 0, 0.3787043895727892}","{-0.000017992908839, 0.0000781366573974, 0, 0.40893909231584746}","{-0.000017992908839, 0.0001048106751227, 0, 0.4318482601410161}","{-0.000017992908839, 0.0001405905753532, 0, 0.449082042827609}","{-0.000017992908839, 0.0001885848922832, 0, 0.46199453563073545}","{-0.000017992908839, 0.0002529633405947, 0, 0.47164773371473956}","{-0.000017992908839, 0.0003393190775256, 0, 0.4788553899526393}","{-0.000017992908839, 0.0004551546326917, 0, 0.4842333518723345}","{-0.000017992908839, 0.0006105337229237, 0, 0.4882445590112425}","{-0.000017992908839, 0.0008189555813651, 0, 0.49123572169062896}","{-0.000017992908839, 0.0010985277619675, 0, 0.49346597201071485}","{-0.000017992908839, 0.0014735393118657, 0, 0.4951287667371128}","{-0.000017992908839, 0.0019765709878144, 0, 0.49636844161358157}","{-0.000017992908839, 0.0026513258509018, 0, 0.4972926462496726}","{-0.000017992908839, 0.003556426159747, 0, 0.4979816531711444}","{-0.000017992908839, 0.0047705064337644, 0, 0.49849531382791207}","{-0.000017992908839, 0.0063990451684807, 0, 0.4988782509833666}","{-0.000017992908839, 0.0085835287378376, 0, 0.49916373241747436}","{-0.000017992908839, 0.0115137436372836, 0, 0.4993765599279627}","{-0.000017992908839, 0.0154442650096474, 0, 0.49953522356315494}","{-0.000017992908839, 0.0207165739660756, 0, 0.49965350780517914}","{-0.000017992908839, 0.0277887252403267, 0, 0.4997416890655428}","{-0.000017992908839, 0.0372751426827093, 0, 0.49980742845523185}","{-0.000017992908839, 0.05, 0, 0.4998564373613434}"
"{-0.000013413764885, 0.00001, 0, 0.08989912360166377}","{-0.000013413764885, 0.000013413764885, 0, 0.15865525393146251}","{-0.000013413764885, 0.000017992908839, 0, 0.22798389333623947}","{-0.000013413764885, 0.0000241352648763, 0, 0.28918250824542896}","{-0.000013413764885, 0.0000323744768487, 0, 0.3393156814099676}","{-0.000013413764885, 0.0000434263620723, 0, 0.37870438957289454}","{-0.000013413764885, 0.0000582511010648, 0, 0.40893909231600134}","{-0.000013413764885, 0.0000781366573974, 0, 0.43184826014109196}","{-0.000013413764885, 0.0001048106751227, 0, 0.44908204282766506}","{-0.000013413764885, 0.0001405905753532, 0, 0.46199453563077725}","{-0.000013413764885, 0.0001885848922832, 0, 0.47164773371476254}","{-0.000013413764885, 0.0002529633405947, 0, 0.4788553899526666}","{-0.000013413764885, 0.0003393190775256, 0, 0.484233351872352}","{-0.000013413764885, 0.0004551546326917, 0, 0.4882445590112541}","{-0.000013413764885, 0.0006105337229237, 0, 0.49123572169063806}","{-0.000013413764885, 0.0008189555813651, 0, 0.4934659720107215}","{-0.000013413764885, 0.0010985277619675, 0, 0.4951287667371179}","{-0.000013413764885, 0.0014735393118657, 0, 0.49636844161358534}","{-0.000013413764885, 0.0019765709878144, 0, 0.49729264624967556}","{-0.000013413764885, 0.0026513258509018, 0, 0.49798165317114657}","{-0.000013413764885, 0.003556426159747, 0, 0.4984953138279137}","{-0.000013413764885, 0.0047705064337644, 0, 0.49887825098336774}","{-0.000013413764885, 0.0063990451684807, 0, 0.49916373241747525}","{-0.000013413764885, 0.0085835287378376, 0, 0.4993765599279633}","{-0.000013413764885, 0.0115137436372836, 0, 0.4995352235631554}","{-0.000013413764885, 0.0154442650096474, 0, 0.49965350780517964}","{-0.000013413764885, 0.0207165739660756, 0, 0.49974168906554306}","{-0.000013413764885, 0.0277887252403267, 0, 0.49980742845523224}","{-0.000013413764885, 0.0372751426827093, 0, 0.4998564373613435}","{-0.000013413764885, 0.05, 0, 0.4998929736421544}"
"{-0.00001, 0.00001, 0, 0.15865525393146251}","{-0.00001, 0.000013413764885, 0, 0.2279838933363134}","{-0.00001, 0.000017992908839, 0, 0.2891825082458889}","{-0.00001, 0.0000241352648763, 0, 0.33931568141038304}","{-0.00001, 0.0000323744768487, 0, 0.3787043895729858}","{-0.00001, 0.0000434263620723, 0, 0.40893909231611086}","{-0.00001, 0.0000582511010648, 0, 0.43184826014123007}","{-0.00001, 0.0000781366573974, 0, 0.44908204282773834}","{-0.00001, 0.0001048106751227, 0, 0.46199453563083154}","{-0.00001, 0.0001405905753532, 0, 0.47164773371480323}","{-0.00001, 0.0001885848922832, 0, 0.47885538995269056}","{-0.00001, 0.0002529633405947, 0, 0.4842333518723773}","{-0.00001, 0.0003393190775256, 0, 0.48824455901127084}","{-0.00001, 0.0004551546326917, 0, 0.49123572169064955}","{-0.00001, 0.0006105337229237, 0, 0.4934659720107305}","{-0.00001, 0.0008189555813651, 0, 0.4951287667371246}","{-0.00001, 0.0010985277619675, 0, 0.4963684416135902}","{-0.00001, 0.0014735393118657, 0, 0.49729264624967917}","{-0.00001, 0.0019765709878144, 0, 0.4979816531711493}","{-0.00001, 0.0026513258509018, 0, 0.49849531382791573}","{-0.00001, 0.003556426159747, 0, 0.49887825098336935}","{-0.00001, 0.0047705064337644, 0, 0.49916373241747647}","{-0.00001, 0.0063990451684807, 0, 0.49937655992796415}","{-0.00001, 0.0085835287378376, 0, 0.49953522356315583}","{-0.00001, 0.0115137436372836, 0, 0.4996535078051801}","{-0.00001, 0.0154442650096474, 0, 0.4997416890655434}","{-0.00001, 0.0207165739660756, 0, 0.4998074284552323}","{-0.00001, 0.0277887252403267, 0, 0.4998564373613438}","{-0.00001, 0.0372751426827093, 0, 0.4998929736421546}","{-0.00001, 0.05, 0, 0.49992021154436206}"
